INSERT INTO museum.country (country_id, country_name)
VALUES
    (1, 'United States'),
    (2, 'France'),
    (3, 'Italy'),
    (4, 'Japan'),
	(5, 'Spain'),
    (6, 'United Kingdom'),
    (7, 'Germany'),
    (8, 'Australia'),
    (9, 'Canada'),
    (10, 'Brazil'),
    (11, 'Canada'),
    (12, 'Australia'),
    (13, 'Russia'),
    (14, 'South Africa'),
    (15, 'Mexico'),
    (16, 'Netherlands'),
    (17, 'Sweden'),
    (18, 'Switzerland'),
    (19, 'Norway'),
    (20, 'Denmark'),
    (21, 'Greece'),
    (22, 'Turkey'),
    (23, 'Argentina'),
    (24, 'Egypt'),
    (25, 'Thailand'),
    (26, 'Singapore'),
    (27, 'South Korea'),
    (28, 'New Zealand'),
    (29, 'Israel'),
    (30, 'Ireland'),
    (31, 'Uzbekistan'),
    (32, 'Austria'),
    (33, 'Ukraine');

INSERT INTO museum.city (city_id, city_name, country_id)
VALUES
    (1, 'New York', 1),
    (2, 'Paris', 2),
    (3, 'Rome', 3),
    (4, 'Tokyo', 4),
    (5, 'Barcelona', 5),
    (6, 'London', 6),
    (7, 'Berlin', 7),
    (8, 'Sydney', 8),
    (9, 'Toronto', 9),
    (10, 'São Paulo', 10),
    (11, 'Bilbao', 10),
    (12, 'Madrid', 10),
    (13, 'Toronto', 11),
    (14, 'Sydney', 12),
    (15, 'Moscow', 13),
    (16, 'Cape Town', 14),
    (17, 'Mexico City', 15),
    (18, 'Amsterdam', 16),
    (19, 'Stockholm', 17),
    (20, 'Zurich', 18),
    (21, 'Oslo', 19),
    (22, 'Copenhagen', 20),
    (23, 'Athens', 21),
    (24, 'Istanbul', 22),
    (25, 'Buenos Aires', 23),
    (26, 'Cairo', 24),
    (27, 'Bangkok', 25),
    (28, 'Singapore', 26),
    (29, 'Seoul', 27),
    (30, 'Auckland', 28),
    (31, 'Tel Meir', 29),
    (32, 'Florence', 3),
    (33, 'Tashkent', 31),
    (34, 'Dublin', 30),
    (35, 'Chicago', 30),
    (36, 'Washington, D.C.', 30),
    (37, 'Livorno', 3), 
    (38, 'Münchenbuchsee', 18),
    (39, 'Tulln an der Donau', 32),
    (40, 'Charlotte Amalie', 1),
    (41, 'Bourges', 2),
    (42, 'Ornane', 2),
    (43, 'Argentan', 2),
    (44, 'Limoges', 2),
    (45, 'Ax-en-Provence', 2),
    (46, 'Pittsburgh', 1),
    (47, 'Krasnoyarsk', 13),
    (48, 'Kiev', 33),
    (49, 'Khvalynsk', 13);

INSERT INTO museum.museum (museum_id, museum_name, museum_address, city_id)
VALUES
    (1, 'Metropolitan Museum of Art', '1000 Fifth Ave, New York', 1),
    (2, 'Louvre Museum', 'Rue de Rivoli, Paris', 2),
    (3, 'Galleria Borghese', 'Villa Borghese, Rome', 3),
    (4, 'Tokyo National Museum', 'Ueno Park, Tokyo', 4),
    (5, 'Museu Picasso', 'Carrer Montcada, Barcelona', 5),
    (6, 'Tate Modern', 'Bankside, London', 6),
    (7, 'Hamburger Bahnhof', 'Invalidenstraße, Berlin', 7),
    (8, 'Art Gallery of New South Wales', 'Art Gallery Rd, Sydney', 8),
    (9, 'AGO - Art Gallery of Ontario', 'Dundas St W, Toronto', 9),
    (10, 'Pinacoteca do Estado de São Paulo', 'Praça da Luz, São Paulo', 10),
    (11, 'National Gallery', 'Trafalgar Square, London', 6),
    (12, 'Berlinische Galerie', 'Alte Jakobstraße, Berlin', 7),
    (13, 'Art Gallery of New South Wales', 'Art Gallery Rd, Sydney', 8),
    (14, 'AGO - Art Gallery of Ontario', 'Dundas St W, Toronto', 9),
    (15, 'MASP - Museu de Arte de São Paulo', 'Avenida Paulista, São Paulo', 10),
    (16, 'Guggenheim Museum Bilbao', 'Abandoibarra Etorb., Bilbao', 11),
    (17, 'Prado Museum', 'Paseo del Prado, Madrid', 12),
    (18, 'British Museum', 'Great Russell Street, London', 6),
    (19, 'Rijksmuseum', 'Museumstraat 1, Amsterdam', 18),
    (20, 'State Hermitage Museum', 'Dvortsovaya Square, St. Petersburg', 33),
    (21, 'Uffizi Gallery', 'Piazzale degli Uffizi, Florence', 34),
    (22, 'Acropolis Museum', 'Dionysiou Areopagitou, Athens', 23),
    (23, 'Egyptian Museum', 'Tahrir Square, Cairo', 26),
    (24, 'National Museum of Anthropology', 'Paseo de la Reforma, Mexico City', 17),
    (25, 'State Museum of History of Uzbekistan', 'Amir Timur Square, Tashkent', 35),
    (26, 'National Museum of Korea', 'Yongsan-gu, Seoul', 29),
    (27, 'Museum of Science and Industry', 'Jackson Park, Chicago', 36),
    (28, 'National Museum of African American History and Culture', 'Washington, D.C.', 37),
    (29, 'Museum of Islamic Art, Cairo', 'Bab El Khalq, Cairo', 26),
    (30, 'Tokyo National Museum', 'Ueno Park, Tokyo', 4);

INSERT INTO museum.exhibition (exhibition_id, exhibition_name, museum_id, start_date, end_date)
VALUES
    (1, 'Impressionist Masterpieces', 1, '2024-04-01', '2024-05-15'),
    (2, 'Renaissance Splendor', 2, '2024-03-20', '2024-06-30'),
    (3, 'Ancient Art Treasures', 3, '2024-04-10', '2024-05-30'),
    (4, 'Samurai and Shogun', 4, '2024-04-15', '2024-06-15'),
    (5, 'Modern Catalan Artists', 5, '2024-03-25', '2024-05-10'),
    (6, 'Contemporary Masters', 6, '2024-04-20', '2024-06-15'),
    (7, 'Expressionist Journey', 7, '2024-05-10', '2024-07-30'),
    (8, 'Australian Indigenous Art', 8, '2024-04-15', '2024-06-30'),
    (9, 'Canadian Landscapes', 9, '2024-05-01', '2024-06-20'),
    (10, 'Brazilian Modernists', 10, '2024-04-25', '2024-06-10'),
    (11, 'Impressionist Gems', 11, '2024-05-05', '2024-06-20'),
    (12, 'Contemporary Perspectives', 12, '2024-04-15', '2024-07-10'),
    (13, 'Australian Indigenous Art', 13, '2024-05-10', '2024-06-30'),
    (14, 'Canadian Landscapes II', 14, '2024-05-01', '2024-06-20'),
    (15, 'Brazilian Modernists Revisited', 15, '2024-04-25', '2024-06-10'),
    (16, 'Basque Art Showcase', 16, '2024-05-15', '2024-07-05'),
    (17, 'Spanish Masters Retrospective', 17, '2024-04-20', '2024-06-15'),
    (18, 'Ancient Artifacts', 1, '2024-04-01', '2024-05-15'),
    (19, 'Japanese Dolls', 30, '2024-02-27', '2024-03-31'),
    (20, 'Oshidashi Butsu－Reproducing the Repousse Buddhist Image-Amida (Amitabha) Triad and Two Priests', 30, '2023-09-12', '2024-05-19'),
    (21, 'Abstract Expressions: Shaping Modern Art', 6, '2024-07-01', '2024-10-15'),
    (22, 'Media Networks: Artists Responding to Mass Media Impact', 6, '2024-05-01', '2024-08-31'),
    (23, 'Nature''s Wonders', 18, '2024-05-01', '2024-08-15'),
    (24, 'Museum Boijmans van Beuningen at Rijksmuseum', 19, '2023-09-28', '2024-01-14'),
    (25, 'Mission Masterpiece', 19, '2023-06-29', '2023-09-03'),
    (26, 'New Horizons: Contemporary Photography', 19, '2023-06-29', '2023-09-03'),
    (27, 'Richard Long: Land Art', 19, '2023-05-24', '2023-10-29'),
    (28, 'Asian Paintings: Nature''s Portraits', 19, '2023-04-19', '2023-10-31'),
    (29, 'Portrait Masters', 11, '2025-07-01', '2025-09-10'),
    (30, 'Ancient Civilizations Rediscovered', 11, '2025-04-10', '2025-06-15'),
    (31, 'Modern Art Revolution', 11, '2025-01-05', '2025-03-20'),
    (32, 'Renaissance Splendor', 11, '2024-07-15', '2024-09-30'),
    (33, 'Baroque Treasures', 11, '2024-10-10', '2024-12-15'),
    (34, 'Impressionist Masterpieces', 11, '2024-04-01', '2024-06-30');

INSERT INTO museum.genre (genre_id, genre_name)
VALUES
    (1, 'Impressionism'),
    (2, 'Surrealism'),
    (3, 'Cubism'),
    (4, 'Abstract'),
    (5, 'Realism'),
    (6, 'Expressionism'),
    (7, 'Pop Art'),
    (8, 'Baroque'),
    (9, 'Rococo'),
    (10, 'Romanticism'),
    (11, 'Classicism'),
    (12, 'Minimalism'),
    (13, 'Fauvism'),
    (14, 'Symbolism'),
    (15, 'Post-Impressionism'),
    (16, 'Dadaism'),
    (17, 'Constructivism'),
    (18, 'Art Nouveau'),
    (19, 'Neoclassicism'),
    (20, 'Abstract Expressionism'),
    (21, 'Sculpture'),
    (22, 'Photorealism'),
    (23, 'Surrealist Photography'),
    (24, 'Digital Art'),
    (25, 'Land Art'),
    (26, 'Installation Art'),
    (27, 'Performance Art'),
    (28, 'Conceptual Art'),
    (29, 'Video Art'),
    (30, 'Street Art');

INSERT INTO museum.artist (artist_id, artist_name, birthplace_city_id, artist_birth_date, artist_death_date)
VALUES
    (1, 'Vincent van Gogh', 1, '1853-03-30', '1890-07-29'),
    (2, 'Pablo Picasso', 5, '1881-10-25', '1973-04-08'),
    (3, 'Frida Kahlo', 3, '1907-07-06', '1954-07-13'),
    (4, 'Salvador Dalí', 2, '1904-05-11', '1989-01-23'),
    (5, 'Georgia O''Keeffe', 1, '1887-11-15', '1986-03-06'),
    (6, 'Vasily Surikov', 15, '1848-01-24', '1916-03-19'),
    (7, 'Kazimir Malevich', 48, '1878-12-04', '1935-05-25'),
    (8, 'Kuzma Petrov-Vodkin', 49, '1878-11-23', '1939-02-15'),
    (9, 'Joan Miró', 5, '1893-04-20', '1983-12-25'),
    (10, 'Diego Rivera', 3, '1886-12-08', '1957-11-24'),
    (11, 'Piet Mondrian', 6, '1872-03-07', '1944-02-01'),
    (12, 'Marc Chagall', 7, '1887-07-07', '1985-03-28'),
    (13, 'René Magritte', 8, '1898-11-21', '1967-08-15'),
    (14, 'Fernando Botero', 9, '1932-04-19', NULL),
    (15, 'Yayoi Kusama', 10, '1929-03-22', NULL),
    (16, 'Claude Monet', 1, '1840-11-14', '1926-12-05'),
    (17, 'Edvard Munch', 6, '1863-12-12', '1944-01-23'),
    (18, 'Gustav Klimt', 7, '1862-07-14', '1918-02-06'),
    (19, 'Edgar Degas', 8, '1834-07-19', '1917-09-27'),
    (20, 'Henri Matisse', 6, '1869-12-31', '1954-11-03'),
    (21, 'Jackson Pollock', 7, '1912-01-28', '1956-08-11'),
    (22, 'Andy Warhol', 8, '1928-08-06', '1987-02-22'),
    (23, 'Amedeo Modigliani', 37, '1884-07-12', '1920-01-24'),
    (24, 'Wassily Kandinsky', 15, '1866-12-16', '1944-12-13'),
    (25, 'Paul Klee', 38, '1879-12-18', '1940-06-29'),
    (26, 'Egon Schiele', 39, '1890-06-12', '1918-10-31'),
    (27, 'Camille Pissarro', 40, '1830-07-10', '1903-11-13'),
    (28, 'Berthe Morisot', 41, '1841-01-14', '1895-03-02'),
    (29, 'Georges Seurat', 2, '1859-12-02', '1891-03-29'),
    (30, 'Gustave Courbet', 42, '1819-06-10', '1877-12-31'),
    (31, 'Fernand Léger', 43, '1881-02-04', '1955-08-17'),
    (32, 'Pierre-Auguste Renoir', 44, '1841-02-25', '1919-12-3'),
    (33, 'Edouard Manet', 2, '1832-01-23', '1883-04-30'),
    (34, 'Mary Cassatt', 46, '1844-05-22', '1926-06-14'),
    (35, 'Paul Cézanne', 45, '1839-01-19', '1906-10-22');

INSERT INTO museum.artwork (artwork_id, artwork_name, year_created, genre_id, exhibition_id, artist_id)
VALUES
    (1, 'Starry Night', '1889', 1, 1, 1),
    (2, 'Guernica', '1937', 2, 2, 2),
    (3, 'The Persistence of Memory', '1931', 2, 2, 4),
    (4, 'Self-Portrait with Thorn Necklace and Hummingbird', '1940', 1, 1, 3),
    (5, 'Woman with a Hat', '1905', 1, 3, 20),
    (6, 'The Farm', '1921', 3, 4, 9),
    (7, 'Detroit Industry Murals', '1932', 4, 5, 10),
    (8, 'Composition II in Red, Blue, and Yellow', '1930', 4, 6, 11),
    (9, 'I and the Village', '1911', 5, 7, 12),
    (10, 'The Treachery of Images', '1929', 6, 8, 13),
    (11, 'The Musicians', '1951', 7, 9, 14),
    (12, 'Infinity Mirror Room - Phalli''s Field', '1965', 8, 10, 15),
    (13, 'Water Lilies', '1916', 1, 1, 16),
    (14, 'The Scream', '1893', 2, 2, 17),
    (15, 'The Kiss', '1907', 3, 3, 18),
    (16, 'Dancers in Blue', '1895', 4, 4, 19),
    (17, 'Black Iris', '1926', 3, 3, 5),
    (18, 'Harlequin''s Carnival', '1924', 4, 4, 9),
    (19, 'Dance at Le Moulin de la Galette', 1876, 1, 1, 32),
    (20, 'Sunflowers', 1888, 1, 1, 1),
    (21, 'The Starry Night', 1889, 1, 1, 1),
    (22, 'Woman with a Parasol', 1875, 1, 1, 16),
    (23, 'Impression, Sunrise', 1872, 1, 1, 16),
    (24, 'The Dance Class', 1874, 1, 1, 19),
    (25, 'The Artist''s Garden at Giverny', 1900, 1, 1, 16),
    (26, 'The Boulevard Montmartre at Night', 1897, 1, 1, 27),
    (27, 'The Japanese Bridge', 1899, 1, 1, 16),
    (28, 'The Absinthe Drinker', 1876, 1, 1, 33),
    (29, 'The Red Boats', 1888, 1, 1, 1),
    (30, 'The Bath', 1892, 1, 1, 34),
    (31, 'The Haystacks', 1890, 1, 1, 16),
    (32, 'The Bathers', 1887, 1, 1, 35),
    (33, 'The Cliff Walk at Pourville', 1882, 1, 1, 16),
    (34, 'The Railway Bridge at Argenteuil', 1874, 1, 1, 16),
    (35, 'The Houses of Parliament, Sunset', 1903, 1, 1, 16),
    (36, 'The Dance', 1877, 1, 1, 19);
    

INSERT INTO museum.guide (guide_id, guide_name)
VALUES
    (1, 'Alice Johnson'),
    (2, 'David Lee'),
    (3, 'Sophia Rodriguez'),
    (4, 'Michael Brown'),
    (5, 'Emily Chen'),
    (6, 'Daniel Kim'),
    (7, 'Olivia Martinez'),
    (8, 'William Adams'),
    (9, 'Ava Nguyen'),
    (10, 'James Smith'),
    (11, 'Isabella Harris'),
    (12, 'Ethan Patel'),
    (13, 'Mia Jackson'),
    (14, 'Alexander Lee'),
    (15, 'Charlotte Taylor'),
    (16, 'Noah Garcia'),
    (17, 'Amelia Clark'),
    (18, 'Liam Hall'),
    (19, 'Abigail Wright'),
    (20, 'Benjamin Martin');

INSERT INTO museum.language (language_id, language_name)
VALUES
    (1, 'English'),
    (2, 'French'),
    (3, 'Spanish'),
    (4, 'German'),
    (5, 'Italian'),
    (6, 'Japanese'),
    (7, 'Russian'),
    (8, 'Chinese'),
    (9, 'Dutch'),
    (10, 'Portuguese'),
    (11, 'Korean'),
    (12, 'Romanian'),
    (13, 'Esperanto'),
    (14, 'Vietnamese'),
    (15, 'Hindi');


INSERT INTO museum.guided_tour (guided_tour_id, duration, exhibition_id, guide_id, language_id)
VALUES
    (1, 60, 1, 1, 1),
    (2, 60, 1, 1, 2),
    (3, 60, 1, 1, 3),
    (4, 60, 1, 1, 4),
    (5, 60, 1, 1, 5),
    (6, 120, 2, 2, 2),
    (7, 120, 2, 2, 3),
    (8, 120, 2, 2, 4),
    (9, 120, 2, 2, 10),
    (10, 90, 2, 2, 3),
    (11, 90, 2, 2, 5),
    (12, 90, 2, 2, 7),
    (13, 90, 2, 2, 8),
    (14, 90, 3, 3, 4),
    (15, 90, 3, 3, 5),
    (16, 90, 4, 4, 6),
    (17, 30, 5, 5, 7),
    (18, 60, 6, 6, 8),
    (19, 60, 7, 7, 9),
    (20, 60, 7, 7, 5),
    (21, 60, 7, 7, 6),
    (22, 60, 7, 7, 7),
    (23, 60, 8, 8, 8),
    (24, 60, 8, 8, 9),
    (25, 60, 8, 8, 10),
    (26, 60, 8, 8, 4),
    (27, 60, 9, 9, 2),
    (28, 60, 10, 10, 3),
    (29, 60, 11, 11, 4),
    (30, 60, 12, 12, 5),
    (31, 60, 13, 13, 6),
    (32, 60, 14, 14, 7),
    (33, 60, 15, 15, 8),
    (34, 60, 16, 16, 9),
    (35, 60, 17, 17, 10),
    (36, 60, 17, 18, 1);


INSERT INTO museum.ticket (ticket_id, ticket_price, guided_tour_id)
VALUES
    (1, 10.00, 1),
    (2, 12.50, 2),
    (3, 15.00, 3),
    (4, 18.75, 4),
    (5, 20.00, 5),
    (6, 22.50, 6),
    (7, 25.00, 7),
    (8, 27.50, 8),
    (9, 30.00, 9),
    (10, 32.50, 10),
    (11, 10.00, 11),
    (12, 12.50, 12),
    (13, 15.00, 13),
    (14, 18.75, 14),
    (15, 20.00, 15),
    (16, 22.50, 16),
    (17, 25.00, 17),
    (18, 27.50, 18),
    (19, 30.00, 19),
    (20, 32.50, 20),
    (21, 10.00, 21),
    (22, 12.50, 22),
    (23, 15.00, 23),
    (24, 18.75, 24),
    (25, 20.00, 25),
    (26, 22.50, 26),
    (27, 25.00, 27),
    (28, 27.50, 28),
    (29, 30.00, 29),
    (30, 32.50, 30),
    (31, 20.00, 31),
    (32, 22.50, 32),
    (33, 25.00, 33),
    (34, 27.50, 34),
    (35, 30.00, 35),
    (36, 32.50, 36);
